{
    "de-c2w1-dynamodb-Forum": [
        {
            "PutRequest": {
                "Item": {
                    "Name": {
                        "S": "Amazon DynamoDB"
                    },
                    "Category": {
                        "S": "Amazon Web Services"
                    },
                    "Threads": {
                        "N": "2"
                    },
                    "Messages": {
                        "N": "4"
                    },
                    "Views": {
                        "N": "1000"
                    }
                }
            }
        },
        {
            "PutRequest": {
                "Item": {
                    "Name": {
                        "S": "Amazon S3"
                    },
                    "Category": {
                        "S": "Amazon Web Services"
                    }
                }
            }
        }
    ]
}