{
    "de-c2w1-dynamodb-ProductCatalog": [
        {
            "PutRequest": {
                "Item": {
                    "Id": {
                        "N": "101"
                    },
                    "Title": {
                        "S": "Book 101 Title"
                    },
                    "ISBN": {
                        "S": "111-1111111111"
                    },
                    "Authors": {
                        "L": [
                            {
                                "S": "Author1"
                            }
                        ]
                    },
                    "Price": {
                        "N": "2"
                    },
                    "Dimensions": {
                        "S": "8.5 x 11.0 x 0.5"
                    },
                    "PageCount": {
                        "N": "500"
                    },
                    "InPublication": {
                        "BOOL": true
                    },
                    "ProductCategory": {
                        "S": "Book"
                    }
                }
            }
        },
        {
            "PutRequest": {
                "Item": {
                    "Id": {
                        "N": "102"
                    },
                    "Title": {
                        "S": "Book 102 Title"
                    },
                    "ISBN": {
                        "S": "222-2222222222"
                    },
                    "Authors": {
                        "L": [
                            {
                                "S": "Author1"
                            },
                            {
                                "S": "Author2"
                            }
                        ]
                    },
                    "Price": {
                        "N": "20"
                    },
                    "Dimensions": {
                        "S": "8.5 x 11.0 x 0.8"
                    },
                    "PageCount": {
                        "N": "600"
                    },
                    "InPublication": {
                        "BOOL": true
                    },
                    "ProductCategory": {
                        "S": "Book"
                    }
                }
            }
        },
        {
            "PutRequest": {
                "Item": {
                    "Id": {
                        "N": "103"
                    },
                    "Title": {
                        "S": "Book 103 Title"
                    },
                    "ISBN": {
                        "S": "333-3333333333"
                    },
                    "Authors": {
                        "L": [
                            {
                                "S": "Author1"
                            },
                            {
                                "S": "Author2"
                            }
                        ]
                    },
                    "Price": {
                        "N": "2000"
                    },
                    "Dimensions": {
                        "S": "8.5 x 11.0 x 1.5"
                    },
                    "PageCount": {
                        "N": "600"
                    },
                    "InPublication": {
                        "BOOL": false
                    },
                    "ProductCategory": {
                        "S": "Book"
                    }
                }
            }
        },
        {
            "PutRequest": {
                "Item": {
                    "Id": {
                        "N": "201"
                    },
                    "Title": {
                        "S": "18-Bike-201"
                    },
                    "Description": {
                        "S": "201 Description"
                    },
                    "BicycleType": {
                        "S": "Road"
                    },
                    "Brand": {
                        "S": "Mountain A"
                    },
                    "Price": {
                        "N": "100"
                    },
                    "Color": {
                        "L": [
                            {
                                "S": "Red"
                            },
                            {
                                "S": "Black"
                            }
                        ]
                    },
                    "ProductCategory": {
                        "S": "Bicycle"
                    }
                }
            }
        },
        {
            "PutRequest": {
                "Item": {
                    "Id": {
                        "N": "202"
                    },
                    "Title": {
                        "S": "21-Bike-202"
                    },
                    "Description": {
                        "S": "202 Description"
                    },
                    "BicycleType": {
                        "S": "Road"
                    },
                    "Brand": {
                        "S": "Brand-Company A"
                    },
                    "Price": {
                        "N": "200"
                    },
                    "Color": {
                        "L": [
                            {
                                "S": "Green"
                            },
                            {
                                "S": "Black"
                            }
                        ]
                    },
                    "ProductCategory": {
                        "S": "Bicycle"
                    }
                }
            }
        },
        {
            "PutRequest": {
                "Item": {
                    "Id": {
                        "N": "203"
                    },
                    "Title": {
                        "S": "19-Bike-203"
                    },
                    "Description": {
                        "S": "203 Description"
                    },
                    "BicycleType": {
                        "S": "Road"
                    },
                    "Brand": {
                        "S": "Brand-Company B"
                    },
                    "Price": {
                        "N": "300"
                    },
                    "Color": {
                        "L": [
                            {
                                "S": "Red"
                            },
                            {
                                "S": "Green"
                            },
                            {
                                "S": "Black"
                            }
                        ]
                    },
                    "ProductCategory": {
                        "S": "Bicycle"
                    }
                }
            }
        },
        {
            "PutRequest": {
                "Item": {
                    "Id": {
                        "N": "204"
                    },
                    "Title": {
                        "S": "18-Bike-204"
                    },
                    "Description": {
                        "S": "204 Description"
                    },
                    "BicycleType": {
                        "S": "Mountain"
                    },
                    "Brand": {
                        "S": "Brand-Company B"
                    },
                    "Price": {
                        "N": "400"
                    },
                    "Color": {
                        "L": [
                            {
                                "S": "Red"
                            }
                        ]
                    },
                    "ProductCategory": {
                        "S": "Bicycle"
                    }
                }
            }
        },
        {
            "PutRequest": {
                "Item": {
                    "Id": {
                        "N": "205"
                    },
                    "Title": {
                        "S": "18-Bike-204"
                    },
                    "Description": {
                        "S": "205 Description"
                    },
                    "BicycleType": {
                        "S": "Hybrid"
                    },
                    "Brand": {
                        "S": "Brand-Company C"
                    },
                    "Price": {
                        "N": "500"
                    },
                    "Color": {
                        "L": [
                            {
                                "S": "Red"
                            },
                            {
                                "S": "Black"
                            }
                        ]
                    },
                    "ProductCategory": {
                        "S": "Bicycle"
                    }
                }
            }
        }
    ]
}