{
    "de-c2w1-dynamodb-Reply": [
        {
            "PutRequest": {
                "Item": {
                    "Id": {
                        "S": "Amazon DynamoDB#DynamoDB Thread 1"
                    },
                    "ReplyDateTime": {
                        "S": "2015-09-15T19:58:22.947Z"
                    },
                    "Message": {
                        "S": "DynamoDB Thread 1 Reply 1 text"
                    },
                    "PostedBy": {
                        "S": "User A"
                    }
                }
            }
        },
        {
            "PutRequest": {
                "Item": {
                    "Id": {
                        "S": "Amazon DynamoDB#DynamoDB Thread 1"
                    },
                    "ReplyDateTime": {
                        "S": "2015-09-22T19:58:22.947Z"
                    },
                    "Message": {
                        "S": "DynamoDB Thread 1 Reply 2 text"
                    },
                    "PostedBy": {
                        "S": "User B"
                    }
                }
            }
        },
        {
            "PutRequest": {
                "Item": {
                    "Id": {
                        "S": "Amazon DynamoDB#DynamoDB Thread 2"
                    },
                    "ReplyDateTime": {
                        "S": "2015-09-29T19:58:22.947Z"
                    },
                    "Message": {
                        "S": "DynamoDB Thread 2 Reply 1 text"
                    },
                    "PostedBy": {
                        "S": "User A"
                    }
                }
            }
        },
        {
            "PutRequest": {
                "Item": {
                    "Id": {
                        "S": "Amazon DynamoDB#DynamoDB Thread 2"
                    },
                    "ReplyDateTime": {
                        "S": "2015-10-05T19:58:22.947Z"
                    },
                    "Message": {
                        "S": "DynamoDB Thread 2 Reply 2 text"
                    },
                    "PostedBy": {
                        "S": "User A"
                    }
                }
            }
        }
    ]
}